Publisher,Total_Docs
Department of Mathematics at Princeton University,28
Taylor and Francis Ltd.,195
Institute of Mathematical Statistics,142
Oxford University Press,103
Annual Reviews Inc.,23
Oxford University Press,77
Taylor and Francis Ltd.,225
Institute of Mathematical Statistics,62
Oxford University Press,975
University of California at Los Angeles,51
Springer New York,77
Cambridge University Press,26
Nature Publishing Group,764
Taylor and Francis Ltd.,52
Microtome Publishing,350
Oxford University Press,71
Carnegie Mellon University,43
Institute of Mathematical Statistics,40
Institute of Mathematical Statistics,131
Institute of Mathematical Statistics,65
Wiley-Blackwell Publishing Ltd,56
Taylor and Francis Ltd.,114
Springer New York,43
Psychology Press Ltd,74
Wiley-Blackwell,29
John Wiley and Sons Ltd,349
Bernoulli Society for Mathematical Statistics and Probability,90
Cambridge University Press,112
John Wiley & Sons Inc.,29
Springer Verlag,27
Wiley-Blackwell Publishing Ltd,145
SAGE Publications Ltd,153
SMAI French Society for Applied and Industrial Mathematics,15
Taylor and Francis Ltd.,25
Elsevier B.V.,91
Institute of Mathematical Statistics,11
Institute of Mathematical Statistics,164
Oxford University Press,30
Elsevier B.V.,198
INFORMS Institute for Operations Research and the Management Sciences,17
Institute of Statistical Science,114
Academic Press Inc.,161
Institute of Mathematical Statistics,130
GESIS - Leibniz Institute for the Social Sciences,12
Elsevier B.V.,1647
Taylor and Francis Ltd.,42
Taylor and Francis Ltd.,69
Institute of Mathematical Statistics,152
Elsevier B.V.,84
Springer Nature,24
Taylor and Francis Ltd.,40
Wiley-VCH Verlag,82
Cambridge University Press,27
Oxford University Press,167
Copernicus GmbH,12
Wiley-Blackwell,46
Society for Industrial and Applied Mathematics Publications,60
Springer Netherlands,108
Walter de Gruyter GmbH,23
Elsevier B.V.,93
Oxford University Press,84
Cambridge University Press,14
Association for Computing Machinery (ACM),10
Elsevier B.V.,176
Wiley-VCH Verlag,222
Elsevier B.V.,35
Oxford University Press,61
Springer Verlag,66
European Mathematical Society Publishing House,20
Springer Verlag,44
John Wiley and Sons Ltd,94
Instituto Nacional de Matematica Pura e Aplicada,69
John Wiley and Sons Ltd,45
American Physical Society,1780
John Wiley & Sons Inc.,34
Academic Press Inc.,41
Cambridge University Press,67
Wiley-Blackwell Publishing Ltd,66
Springer New York,76
Taylor and Francis Ltd.,31
Springer New York,50
Elsevier Inc.,64
Taylor and Francis Ltd.,34
Taylor and Francis Ltd.,66
IOP Publishing Ltd.,676
Springer New York,37
Springer Netherlands,208
Elsevier B.V.,999
Springer Netherlands,142
R Foundation for Statistical Computing,85
NA,26
Physica-Verlag,212
University of Skovde,7
Elsevier B.V.,101
Springer New York,104
Springer Netherlands,47
Springer International Publishing AG,37
Taylor and Francis Ltd.,44
Springer New York,31
Multidisciplinary Digital Publishing Institute (MDPI),746
KeAi Communications Co.,21
Springer Verlag,124
"International Press of Boston, Inc.",57
Elsevier B.V.,90
American Institute of Mathematical Sciences,37
Cambridge University Press,41
Cambridge University Press,28
American Institute of Mathematical Sciences,21
Institute of Mathematical Statistics,6
Begell House Inc.,25
Universidad Internacional de la Rioja,70
Springer Science + Business Media,57
Springer Netherlands,23
Springer Netherlands,25
Wiley-Blackwell Publishing Ltd,19
Academic Press,207
Springer Verlag,30
Institute of Mathematical Statistics,63
Cambridge University Press,68
Springer Netherlands,37
Springer Nature,62
World Scientific,39
Walter de Gruyter GmbH,39
World Scientific Publishing Co. Pte Ltd,29
"College of Statistical and Actuarial Sciences, University of Punjab",67
Routledge,212
Taylor and Francis Ltd.,182
IOP Publishing Ltd.,257
Taylor and Francis Ltd.,23
Taylor and Francis Ltd.,53
Hungarian Central Statistical Office,32
Statistics Sweden,50
Taylor and Francis Ltd.,16
Springer Verlag,24
Wiley-Blackwell,69
Springer Nature,48
Springer Netherlands,58
Gordon and Breach Science Publishers,50
Springer Verlag,42
Wiley-Blackwell Publishing Ltd,105
Elsevier B.V.,202
Institut d'Estadistica de Catalunya,5
Walter de Gruyter GmbH,7
SAGE Publications Ltd,38
Taylor and Francis Ltd.,515
Groupe des ecoles nationales d'economie et statistique,17
Taylor and Francis Inc.,16
Walter de Gruyter GmbH,20
Springer Netherlands,137
Taylor and Francis Ltd.,64
Taylor and Francis Ltd.,568
Society for Industrial and Applied Mathematics Publications,70
IOS Press BV,1016
Elsevier Ireland Ltd,118
Associacao Brasileira de Estatistica,41
Korean Statistical Society,56
Walter de Gruyter GmbH,8
Wiley-Blackwell,18
"International Press of Boston, Inc.",40
Springer Verlag,28
Jomard Publishing,33
Springer Nature,16
American Mathematical Society,22
International Academic Press,76
Hacettepe University,124
Springer Science and Business Media B.V.,41
EDP Sciences,17
Springer-Verlag Italia s.r.l.,20
Frontiers Media SA,133
SpringerOpen,0
Springer Science and Business Media Deutschland GmbH,568
Springer Verlag,26
U.S. National Center for Health Statistics,5
Elsevier B.V.,15
The American Society of Mechanical Engineers(ASME),21
Taylor and Francis Ltd.,30
Multidisciplinary Digital Publishing Institute (MDPI),82
Oxford University Press,67
Hungarian Central Statistical Office,26
Springer India,37
Springer Nature,69
Badih Ghusayni,167
The Belarusian State University,29
VTeX,22
Wiley-Blackwell Publishing Ltd,24
Walter de Gruyter GmbH,8
Instituto Nacional De Estatistica,33
International Association for Statistical Education (IASE),26
Springer India,29
Cornell University,9
Springer Verlag,43
World Scientific,22
PWN-Polish Scientific Publishers,17
Digital CSIC,6
Walter de Gruyter GmbH,27
Croatian Operational Research Society,17
New York Business Global,154
Chilean Statistical Society,13
Springer International Publishing AG,13
Polymat,27
Institut National de la Statistique et des Etudes Economiques,26
IGI Global Publishing,7
American Institute of Mathematical Sciences,29
Walter de Gruyter GmbH,20
Walter de Gruyter GmbH,24
IOS Press BV,32
Thai Statistical Association,61
Universidad Nacional de Colombia,21
World Scientific and Engineering Academy and Society,109
Wayne State University,0
ESE - Salento University Publishing,34
DAV College,108
Horizon Research Publishing,137
Korean Statistical Society,49
Islamic Countries Society of Statistical Sciences,21
MUK Publications and Distribution,21
NA,8
IOS Press BV,60
Statistics Canada,21
Taylor and Francis Ltd.,41
Polskie Towarzystwo Semiotyczne,51
Kozponti Statisztikai Hivatal,41
Isik University,139
Cambridge University Press,23
Walter de Gruyter GmbH,15
Iranian Statistical Society,8
Austrian Society for Statistics,28
Science China Press,36
Universidad de La Habana,60
Pleiades Publishing,11
Pakistan Journal of Statistics,26
Natural Sciences Publishing,99
Routledge,34
"Faculty of Social Sciences, University of Ljubljana",1
Henry Stewart Publications,34
River Publishers,23
ASA Associazione per la Statistica Applicata,15
Yarmouk University,71
Utilitas Mathematica Publishing Inc.,9
IOS Press,0
"Institute of Mathematics, Ukrainian National Academy of Sciences",5
Serials Publications,0
NA,1
Tehran University of Medical Sciences,36
South African Statistical Association,6
Inderscience,20
Wroclaw University of Science and Technology,31
Lifescience Global,24
Oles Honchar Dnipro National University,11
Polish Academy of Sciencies-Lodz Branch,15
Waxmann Verlag GmbH,26
Mathematical and Research Society,11
Sage Publications India Pvt. Ltd,9
Vita e Pensiero,6
Indian Statistical Institute,7
IOS Press BV,20
American Institute of Mathematical Sciences,23
Ele-Math,24
"Institute of Statistical Research and Training (ISRT), University of Dhaka",10
Springer,29
Vadym Hetman Kyiv National University of Economics,6
University of Pennsylvania Press,13
Emerald Publishing,19
Walter de Gruyter GmbH,17
Multidisciplinary Digital Publishing Institute (MDPI),80
Roman Science Publications and Distributions,10
